阶数,基准频率(Hz),基准阻尼比,强化后频率(Hz),强化后阻尼比,模态质量(kg),应力系数(Pa/m)
1,18.50,0.01500,18.56,0.09500,1200.0,2.50e+08
2,35.20,0.01200,35.25,0.08400,800.0,1.80e+08
3,58.70,0.01000,58.74,0.06600,500.0,1.20e+08
4,89.30,0.00800,89.34,0.04800,350.0,8.00e+07
5,125.00,0.00700,125.04,0.03100,250.0,5.00e+07
